-- phpMyAdmin SQL Dump
-- version 4.8.5
-- https://www.phpmyadmin.net/

SET SQL_MODE = "NO_AUTO_VALUE_ON_ZERO";
SET AUTOCOMMIT = 0;
START TRANSACTION;
SET time_zone = "+00:00";

--
-- Table structure for table `admin`
--

DROP TABLE IF EXISTS `admin`;
CREATE TABLE IF NOT EXISTS `admin` (
  `aemail` varchar(255) NOT NULL,
  `apassword` varchar(255) DEFAULT NULL,
  PRIMARY KEY (`aemail`)
) ENGINE=MyISAM DEFAULT CHARSET=latin1;

--
-- Dumping data for table `admin`
--

INSERT INTO `admin` (`aemail`, `apassword`) VALUES
('admin@edoc.com', '123'),('himanshuaaagarwal2002@gmail.com','himanshu@0310');

-- --------------------------------------------------------

--
-- Table structure for table `appointment`
--

DROP TABLE IF EXISTS `appointment`;
CREATE TABLE IF NOT EXISTS `appointment` (
  `appoid` int(11) NOT NULL AUTO_INCREMENT,
  `pid` int(10) DEFAULT NULL,
  `apponum` int(3) DEFAULT NULL,
  `scheduleid` int(10) DEFAULT NULL,
  `appodate` date DEFAULT NULL,
  PRIMARY KEY (`appoid`),
  KEY `pid` (`pid`),
  KEY `scheduleid` (`scheduleid`)
) ENGINE=MyISAM AUTO_INCREMENT=2 DEFAULT CHARSET=latin1;

--
-- Dumping data for table `appointment`
--

INSERT INTO `appointment` (`appoid`, `pid`, `apponum`, `scheduleid`, `appodate`) VALUES
(1, 1, 1, 1, '2022-06-03');

-- --------------------------------------------------------

--
-- Table structure for table `doctor`
--

DROP TABLE IF EXISTS `doctor`;
CREATE TABLE IF NOT EXISTS `doctor` (
  `docid` int(11) NOT NULL AUTO_INCREMENT,
  `docemail` varchar(255) DEFAULT NULL,
  `docname` varchar(255) DEFAULT NULL,
  `docpassword` varchar(255) DEFAULT NULL,
  `docnic` varchar(15) DEFAULT NULL,
  `doctel` varchar(15) DEFAULT NULL,
  `specialties` int(2) DEFAULT NULL,
  PRIMARY KEY (`docid`),
  KEY `specialties` (`specialties`)
) ENGINE=MyISAM AUTO_INCREMENT=2 DEFAULT CHARSET=latin1;

--
-- Dumping data for table `doctor`
--

INSERT INTO `doctor` (`docid`, `docemail`, `docname`, `docpassword`, `docnic`, `doctel`, `specialties`) VALUES
(1, 'doctor@edoc.com', 'Test Doctor', '123', '000000000', '0110000000', 1),
(22, 'mahimachuri.28@gmail.com', 'Mahima Churi', 'mahima@2808', '126410022','+917715919518','Neurosurgeon');

-- --------------------------------------------------------

--
-- Table structure for table `patient`
--

DROP TABLE IF EXISTS `patient`;
CREATE TABLE IF NOT EXISTS `patient` (
  `pid` int(11) NOT NULL AUTO_INCREMENT,
  `pemail` varchar(255) DEFAULT NULL,
  `pname` varchar(255) DEFAULT NULL,
  `ppassword` varchar(255) DEFAULT NULL,
  `paddress` varchar(255) DEFAULT NULL,
  `pnic` varchar(15) DEFAULT NULL,
  `pdob` date DEFAULT NULL,
  `ptel` varchar(15) DEFAULT NULL,
  PRIMARY KEY (`pid`)
) ENGINE=MyISAM AUTO_INCREMENT=3 DEFAULT CHARSET=latin1;

--
-- Dumping data for table `patient`
--

INSERT INTO `patient` (`pid`, `pemail`, `pname`, `ppassword`, `paddress`, `pnic`, `pdob`, `ptel`) VALUES
(1, 'patient@edoc.com', 'Test Patient', '123', 'Sri Lanka', '0000000000', '2000-01-01', '0120000000'),
(19, 'maanavchetty@gmail.com', 'Maanav Chetty', 'maanav@2005', 'India', '126410019', '2002-05-20','+9128950508');

-- --------------------------------------------------------

--
-- Table structure for table `schedule`
--

DROP TABLE IF EXISTS `schedule`;
CREATE TABLE IF NOT EXISTS `schedule` (
  `scheduleid` int(11) NOT NULL AUTO_INCREMENT,
  `docid` varchar(255) DEFAULT NULL,
  `title` varchar(255) DEFAULT NULL,
  `scheduledate` date DEFAULT NULL,
  `scheduletime` time DEFAULT NULL,
  `nop` int(4) DEFAULT NULL,
  PRIMARY KEY (`scheduleid`),
  KEY `docid` (`docid`)
) ENGINE=MyISAM AUTO_INCREMENT=9 DEFAULT CHARSET=latin1;

--
-- Dumping data for table `schedule`
--

INSERT INTO `schedule` (`scheduleid`, `docid`, `title`, `scheduledate`, `scheduletime`, `nop`) VALUES
(1, '1', 'Test Session', '2050-01-01', '18:00:00', 50),
(2, '22', 'Neurologist', '2023-06-10', '20:36:00', 1),
(3, '1', '1', '2023-06-10', '20:33:00', 1),
(4, '1', '1', '2023-06-10', '12:32:00', 1),
(5, '22', 'Neurologist', '2023-06-10', '20:35:00', 1),
(6, '1', '12', '2023-06-10', '20:35:00', 1),
(7, '22', 'Neurologist', '2023-06-24', '20:36:00', 1),
(8, '1', '12', '2023-06-10', '13:33:00', 1);

-- --------------------------------------------------------

--
-- Table structure for table `specialties`
--

DROP TABLE IF EXISTS `specialties`;
CREATE TABLE IF NOT EXISTS `specialties` (
  `id` int(2) NOT NULL,
  `sname` varchar(50) DEFAULT NULL,
  PRIMARY KEY (`id`)
) ENGINE=MyISAM DEFAULT CHARSET=latin1;

--
-- Dumping data for table `specialties`
--

INSERT INTO `specialties` (`id`, `sname`) VALUES
(1, 'Accident and emergency medicine'),
(2, 'Allergology'),
(3, 'Anaesthetics'),
(4, 'Biological hematology'),
(5, 'Cardiology'),
(6, 'Child psychiatry'),
(7, 'Clinical biology'),
(8, 'Clinical chemistry'),
(9, 'Clinical neurophysiology'),
(10, 'Clinical radiology'),
(11, 'Dental, oral and maxillo-facial surgery'),
(12, 'Dermato-venerology'),
(13, 'Dermatology'),
(14, 'Endocrinology'),
(15, 'Gastro-enterologic surgery'),
(16, 'Gastroenterology'),
(17, 'General hematology'),
(18, 'General Practice'),
(19, 'General surgery'),
(20, 'Geriatrics'),
(21, 'Immunology'),
(22, 'Infectious diseases'),
(23, 'Internal medicine'),
(24, 'Laboratory medicine'),
(25, 'Maxillo-facial surgery'),
(26, 'Microbiology'),
(27, 'Nephrology'),
(28, 'Neuro-psychiatry'),
(29, 'Neurology'),
(30, 'Neurosurgery'),
(31, 'Nuclear medicine'),
(32, 'Obstetrics and gynecology'),
(33, 'Occupational medicine'),
(34, 'Ophthalmology'),
(35, 'Orthopaedics'),
(36, 'Otorhinolaryngology'),
(37, 'Paediatric surgery'),
(38, 'Paediatrics'),
(39, 'Pathology'),
(40, 'Pharmacology'),
(41, 'Physical medicine and rehabilitation'),
(42, 'Plastic surgery'),
(43, 'Podiatric Medicine'),
(44, 'Podiatric Surgery'),
(45, 'Psychiatry'),
(46, 'Public health and Preventive Medicine'),
(47, 'Radiology'),
(48, 'Radiotherapy'),
(49, 'Respiratory medicine'),
(50, 'Rheumatology'),
(51, 'Stomatology'),
(52, 'Thoracic surgery'),
(53, 'Tropical medicine'),
(54, 'Urology'),
(55, 'Vascular surgery'),
(56, 'Venereology');

-- --------------------------------------------------------

--
-- Table structure for table `webuser`
--

DROP TABLE IF EXISTS `webuser`;
CREATE TABLE IF NOT EXISTS `webuser` (
  `email` varchar(255) NOT NULL,
  `usertype` char(1) DEFAULT NULL,
  PRIMARY KEY (`email`)
) ENGINE=MyISAM DEFAULT CHARSET=latin1;

--
-- Dumping data for table `webuser`
--

INSERT INTO `webuser` (`email`, `usertype`) VALUES
('admin@edoc.com', 'a'),
('doctor@edoc.com', 'd'),
('patient@edoc.com', 'p'),
('himanshuaaagarwal2002@gmail.com', 'a'),
('mahimachuri.28@gmail.com', 'd'),
('maanavchetty@gmail.com', 'p');
COMMIT;

/*!40101 SET CHARACTER_SET_CLIENT=@OLD_CHARACTER_SET_CLIENT */;
/*!40101 SET CHARACTER_SET_RESULTS=@OLD_CHARACTER_SET_RESULTS */;
/*!40101 SET COLLATION_CONNECTION=@OLD_COLLATION_CONNECTION */;
